<?xml version="1.0" encoding="UTF-8" ?>
<test>
	<categoria>Pruebas de Ejemplo</categoria>
	<prueba>Ejemplo</prueba>
	<autor>Esteban Eduardo De La Fuente Rubio (delaf)</autor>
	<generada>23 Sep 2012, 18:30</generada>
	<creada>23 sep 2012, 18:30</creada>
	<modificada>23 sep 2012, 18:30</modificada>
	<preguntas>
		<question>
			<tipo>Normal</tipo>
			<pregunta>Vea la imágen, ¿que es la DMZ?</pregunta>
			<alternativas>
				<answer>
					<correcta>si</correcta>
					<alternativa>Zona desmilitarizada</alternativa>
				</answer>
				<answer>
					<correcta>no</correcta>
					<alternativa>Zona descentralizada</alternativa>
				</answer>
			</alternativas>
			<imagen>dmz.jpg</imagen>
			<explicacion>DMZ significa DeMilitared Zone (Zona DesMilitarizada)</explicacion>
		</question>
		<question>
			<tipo>Difícil</tipo>
			<pregunta>Vea la imágen, ¿a que cuadro corresponde?</pregunta>
			<alternativas>
				<answer>
					<correcta>no</correcta>
					<alternativa>El grito</alternativa>
				</answer>
				<answer>
					<correcta>si</correcta>
					<alternativa>La última cena</alternativa>
				</answer>
				<answer>
					<correcta>no</correcta>
					<alternativa>La mona lisa</alternativa>
				</answer>
			</alternativas>
			<imagen>pacman.jpg</imagen>
			<explicacion>Pacman se come la pelota blanca y luego se come al bicho rojo, para este la fruta es su última cena</explicacion>
		</question>
		<question>
			<tipo>Fácil</tipo>
			<pregunta>Seleccione los que sean sistemas operativos</pregunta>
			<alternativas>
				<answer>
					<correcta>si</correcta>
					<alternativa>GNU/Linux</alternativa>
				</answer>
				<answer>
					<correcta>no</correcta>
					<alternativa>Ventanas</alternativa>
				</answer>
				<answer>
					<correcta>si</correcta>
					<alternativa>Unix</alternativa>
				</answer>
				<answer>
					<correcta>si</correcta>
					<alternativa>Mac OSX</alternativa>
				</answer>
			</alternativas>
			<imagen></imagen>
			<explicacion>Ventanas no es sistema operativo</explicacion>
		</question>
	</preguntas>
</test>
