{
	"categoria"  : "Pruebas de Ejemplo",
	"prueba"     : "Ejemplo",
	"autor"      : "Esteban Eduardo De La Fuente Rubio (delaf)",
	"generada"   : "23 Sep 2012, 18:30",
	"creada"     : "23 sep 2012, 18:30",
	"modificada" : "23 sep 2012, 18:30",
	"preguntas"  : [
		{
			"tipo"         : "Normal",
			"pregunta"     : "Vea la imágen, ¿que es la DMZ?",
			"imagen"       : "dmz.jpg",
			"explicacion"  : "DMZ significa DeMilitared Zone (Zona DesMilitarizada)",
			"alternativas" : [
				{
					"correcta"    : true,
					"alternativa" : "Zona desmilitarizada"
				},
				{
					"correcta"    : false,
					"alternativa" : "Zona descentralizada"
				}
			]
		},
		{
			"tipo"         : "Difícil",
			"pregunta"     : "Vea la imágen, ¿a que cuadro corresponde?",
			"imagen"       : "pacman.jpg",
			"explicacion"  : "Pacman se come la pelota blanca y luego se come al bicho rojo, para este la fruta es su última cena",
			"alternativas" : [
				{
					"correcta"    : false,
					"alternativa" : "El grito"
				},
				{
					"correcta"    : true,
					"alternativa" : "La última cena"
				},
				{
					"correcta"    : false,
					"alternativa" : "La mona lisa"
				}
			]
		},
		{
			"tipo"         : "Fácil",
			"pregunta"     : "Seleccione los que sean sistemas operativos",
			"imagen"       : null,
			"explicacion"  : "Ventanas no es sistema operativo",
			"alternativas" : [
				{
					"correcta"    : true,
					"alternativa" : "GNU/Linux"
				},
				{
					"correcta"    : false,
					"alternativa" : "Ventanas"
				},
				{
					"correcta"    : true,
					"alternativa" : "Unix"
				},
				{
					"correcta"    : true,
					"alternativa" : "Mac OSX"
				}
			]
		}
	]
}
